INSERT INTO FESTA(NOME, EDICAO, CONSUMACAO, TIPO, PLAYLIST)
	VALUES (UPPER('OS FANTASMAS SE DIVERTEM'), 1, 5, 0, UPPER('https://open.spotify.com/album/0oFYsXDKfDtpccKj0vGJZJ'));
INSERT INTO FESTA(NOME, EDICAO, CONSUMACAO, TIPO, PLAYLIST)
	VALUES (UPPER('coven das bruxas'), 1, 20, 0, UPPER('https://open.spotify.com/album/45fVgJb5lmzatX9VZ4yzSO'));
INSERT INTO FESTA(NOME, EDICAO, CONSUMACAO, TIPO, PLAYLIST)
	VALUES (UPPER('Coven das Bruxas'), 2, 20, 0, UPPER('https://open.spotify.com/album/47tdLYZhfcIj7lgIUb5AMr'));
INSERT INTO FESTA(NOME, EDICAO, CONSUMACAO, TIPO, PLAYLIST)
	VALUES (UPPER('Arraiau'), 1, 5, 1, UPPER('https://open.spotify.com/album/0ddRkZjGcRWxyCQWkWF3UN'));
INSERT INTO FESTA(NOME, EDICAO, CONSUMACAO, TIPO, PLAYLIST)
	VALUES (UPPER('Festa Junina da Catedral'), 1, 0, 1, UPPER('https://open.spotify.com/user/mreebee3/playlist/5xhdaAv4uXwGbvOIxLoCUz'));

INSERT INTO HALLOWEEN(FESTA, EDICAO)
	VALUES (UPPER('OS FANTASMAS SE DIVERTEM'), 1);
INSERT INTO HALLOWEEN(FESTA, EDICAO)
	VALUES (UPPER('coven das bruxas'), 1);
INSERT INTO HALLOWEEN(FESTA, EDICAO)
	VALUES (UPPER('coven das bruxas'), 2);

INSERT INTO FESTA_JUNINA(FESTA,	EDICAO)
	VALUES (UPPER('Arraiau'), 1);
INSERT INTO FESTA_JUNINA(FESTA,	EDICAO)
	VALUES (UPPER('Festa Junina da Catedral'), 1);

INSERT INTO MEMBRO_COMISSAO(CPF, EMAIL, NOME, TELEFONE)
	VALUES ('123.789.123-55', UPPER('pessoa1@contato.com.br'), UPPER('joao da silva'), '(14)99876-7772');
INSERT INTO MEMBRO_COMISSAO(CPF, EMAIL, NOME, TELEFONE)
	VALUES ('123.349.123-55', UPPER('pessoa2@contato.com.br'), UPPER('regina da silva'), '(14)3246-7772');

INSERT INTO ORGANIZACAO(MEMBRO, FESTA, EDICAO)
	VALUES ('123.789.123-55', UPPER('coven das bruxas'), 1);
INSERT INTO ORGANIZACAO(MEMBRO, FESTA, EDICAO)
	VALUES ('123.789.123-55', UPPER('coven das bruxas'), 2);
INSERT INTO ORGANIZACAO(MEMBRO, FESTA, EDICAO)
	VALUES ('123.349.123-55', UPPER('Arraiau'), 1);
INSERT INTO ORGANIZACAO(MEMBRO, FESTA, EDICAO)
	VALUES ('123.349.123-55', UPPER('Festa Junina da Catedral'), 1);

INSERT INTO LUGAR(CNPJ,	ENDERECO, N_BANHEIROS, LOT_MAX,	CAP_BARRACAS)
	VALUES ('689.251.549-55', UPPER('AV GETULIO VARGAS'), 4, 250, 10);
INSERT INTO LUGAR(CNPJ,	ENDERECO, N_BANHEIROS, LOT_MAX,	CAP_BARRACAS)
	VALUES ('652.251.547-55', UPPER('AV ITALIA'), 6, 700, 20);

INSERT INTO ALUGUEL(ENDERECO, INICIO, FIM, FESTA, EDICAO, VALOR)
	VALUES (UPPER('AV GETULIO VARGAS'), TO_TIMESTAMP('16:00-23/06/2017','HH24:MI-DD/MM/YYYY'), TO_TIMESTAMP('23:59-23/6/2017','HH24:MI-DD/MM/YYYY'), UPPER('Arraiau'), 1, 500);
INSERT INTO ALUGUEL(ENDERECO, INICIO, FIM, FESTA, EDICAO, VALOR)
	VALUES (UPPER('AV ITALIA'), TO_TIMESTAMP('20:00-02/07/2016','HH24:MI-DD/MM/YYYY'), TO_TIMESTAMP('23:59-02/07/2016','HH24:MI-DD/MM/YYYY'), UPPER('Festa Junina da Catedral'), 1, 800);
INSERT INTO ALUGUEL(ENDERECO, INICIO, FIM, FESTA, EDICAO, VALOR)
	VALUES (UPPER('AV ITALIA'), TO_TIMESTAMP('20:00-31/10/2017','HH24:MI-DD/MM/YYYY'), TO_TIMESTAMP('23:59-31/10/2017','HH24:MI-DD/MM/YYYY'), UPPER('OS FANTASMAS SE DIVERTEM'), 1, 800);
INSERT INTO ALUGUEL(ENDERECO, INICIO, FIM, FESTA, EDICAO, VALOR)
	VALUES (UPPER('AV GETULIO VARGAS'), TO_TIMESTAMP('20:00-31/10/2017','HH24:MI-DD/MM/YYYY'), TO_TIMESTAMP('23:59-31/10/2017','HH24:MI-DD/MM/YYYY'), UPPER('Coven DAS BRUXAS'), 2, 567.13);

INSERT INTO EQUIPAMENTO(NOME, DESCRICAO, QTD_TOTAL, QTD_DISPONIVEL, CATEGORIA)
	VALUES (UPPER('BOLINHAS DE GUDE'), UPPER('BOLINHAS AZUIS E VERDE DE VIDRO'), 500, 500, 4);
INSERT INTO EQUIPAMENTO(NOME, DESCRICAO, QTD_TOTAL, QTD_DISPONIVEL, CATEGORIA)
	VALUES (UPPER('MICROFONE SEM FIO AFX-245'), UPPER('MICROFONE SEM FIO COM ESPUMA NA PONTA'), 5, 4, 0);
INSERT INTO EQUIPAMENTO(NOME, DESCRICAO, QTD_TOTAL, QTD_DISPONIVEL, CATEGORIA)
	VALUES (UPPER('PROJETOR HITACHI 5000'), UPPER('PROJETOR DE MESA, COM BOLSA PROTETORA'), 2, 2, 1);
INSERT INTO EQUIPAMENTO(NOME, DESCRICAO, QTD_TOTAL, QTD_DISPONIVEL, CATEGORIA)
	VALUES (UPPER('CAMERA EOS T6I'), UPPER('CAMERA DSLR CANNON COM 2 BATERIAS, LENTE 35-50 E BOLSA PROTETORA'), 2, 2, 2);
INSERT INTO EQUIPAMENTO(NOME, DESCRICAO, QTD_TOTAL, QTD_DISPONIVEL, CATEGORIA)
	VALUES (UPPER('tenda 3x3'), UPPER('armacao e lona para tenda 3x3'), 20, 20, 3);

INSERT INTO EMPRESTIMO(EQUIPAMENTO,	FESTA, EDICAO, DT_EMPRESTIMO, DT_DEVOLUCAO,	QTD)
	VALUES (UPPER('BOLINHAS DE GUDE'), UPPER('Arraiau'), 1, TO_DATE('22/06/2017','DD/MM/YYYY'), TO_DATE('24/06/2017','DD/MM/YYYY'), 360);
INSERT INTO EMPRESTIMO(EQUIPAMENTO,	FESTA, EDICAO, DT_EMPRESTIMO, DT_DEVOLUCAO,	QTD)
	VALUES (UPPER('BOLINHAS DE GUDE'), UPPER('Festa Junina da Catedral'), 1, TO_DATE('01/07/2016','DD/MM/YYYY'), TO_DATE('03/07/2016','DD/MM/YYYY'), 123);

INSERT INTO EMPRESA(CNPJ, NOME_FANTASIA, TELEFONE, CATEGORIA_SERVICO)
	VALUES ('282.834.590-23', UPPER('toppus'), '(32)7923-2374', 0);
INSERT INTO EMPRESA(CNPJ, NOME_FANTASIA, TELEFONE, CATEGORIA_SERVICO)
	VALUES ('092.834.490-23', UPPER('braco forte'), '(12)2223-2374', 1);
INSERT INTO EMPRESA(CNPJ, NOME_FANTASIA, TELEFONE, CATEGORIA_SERVICO)
	VALUES ('773.834.590-23', UPPER('begonne'), '(16)99923-2374', 2);
INSERT INTO EMPRESA(CNPJ, NOME_FANTASIA, TELEFONE, CATEGORIA_SERVICO)
	VALUES ('452.834.590-23', UPPER('JRT'), '(16)3423-2374', 3);
INSERT INTO EMPRESA(CNPJ, NOME_FANTASIA, TELEFONE, CATEGORIA_SERVICO)
	VALUES ('792.834.590-23', UPPER('Paschoalle'), '(21)5323-2374', 4);

INSERT INTO CONTRATO(EMPRESA, FESTA, EDICAO, VALOR)
	VALUES ('282.834.590-23', UPPER('Festa Junina da Catedral'), 1, 5932.81);
INSERT INTO CONTRATO(EMPRESA, FESTA, EDICAO, VALOR)
	VALUES ('092.834.490-23', UPPER('Festa Junina da Catedral'), 1, 400);
INSERT INTO CONTRATO(EMPRESA, FESTA, EDICAO, VALOR)
	VALUES ('282.834.590-23', UPPER('Arraiau'), 1, 3245.2);
INSERT INTO CONTRATO(EMPRESA, FESTA, EDICAO, VALOR)
	VALUES ('282.834.590-23', UPPER('coven das bruxas'), 2, 2304.80);
INSERT INTO CONTRATO(EMPRESA, FESTA, EDICAO, VALOR)
	VALUES ('792.834.590-23', UPPER('coven das bruxas'), 1, 250);
INSERT INTO CONTRATO(EMPRESA, FESTA, EDICAO, VALOR)
	VALUES ('792.834.590-23', UPPER('coven das bruxas'), 2, 250);

INSERT INTO PRODUTO(ID_PRODUTO, NOME, FORNECEDOR, FESTA, EDICAO, CUSTO,	QTD, TIPO)
	VALUES (1, UPPER('CACHORRO QUENTE'), '282.834.590-23', UPPER('Festa Junina da Catedral'), 1, 2.5, 400, 0);
INSERT INTO PRODUTO(ID_PRODUTO, NOME, FORNECEDOR, FESTA, EDICAO, CUSTO,	QTD, TIPO)
	VALUES (2, UPPER('BOLO DE FUBA'), '282.834.590-23', UPPER('Festa Junina da Catedral'), 1, 7, 50, 0);
INSERT INTO PRODUTO(ID_PRODUTO, NOME, FORNECEDOR, FESTA, EDICAO, CUSTO,	QTD, TIPO)
	VALUES (3,  UPPER('MOLA'), '282.834.590-23', UPPER('Festa Junina da Catedral'), 1, 0.99, 200, 1);
INSERT INTO PRODUTO(ID_PRODUTO, NOME, FORNECEDOR, FESTA, EDICAO, CUSTO,	QTD, TIPO)
	VALUES (4,  UPPER('CANETA GEL'), '282.834.590-23', UPPER('Festa Junina da Catedral'), 1, 0.99, 200, 1);
INSERT INTO PRODUTO(ID_PRODUTO, NOME, FORNECEDOR, FESTA, EDICAO, CUSTO,	QTD, TIPO)
	VALUES (5,  UPPER('1L REFRI COM GELO SECO'), '282.834.590-23', UPPER('coven das bruxas'), 2, 6.5, 100, 0);

INSERT INTO BARRACA(ID_BARRACA, NUMERO, FESTA, EDICAO, NOME, DESCRICAO,	TIPO)
	VALUES (1, 1, UPPER('Festa Junina da Catedral'), 1, 'BARRACA DO CACHORRO QUENTE', 'VENDE CACHORRO QUENTE', 0);
INSERT INTO BARRACA(ID_BARRACA, NUMERO, FESTA, EDICAO, NOME, DESCRICAO,	TIPO)
	VALUES (2, 2, UPPER('Festa Junina da Catedral'), 1, 'BARRACA DOS DOCES', 'VENDE BOLO, MACA DO AMOR, ESPETINHO DOCE, ETC', 0);
INSERT INTO BARRACA(ID_BARRACA, NUMERO, FESTA, EDICAO, NOME, DESCRICAO,	TIPO)
	VALUES (3, 3, UPPER('Festa Junina da Catedral'), 1, 'BARRACA DA PESCA', 'PESCA EM PISCINA VALENDO BRINDES', 1);
INSERT INTO BARRACA(ID_BARRACA, NUMERO, FESTA, EDICAO, NOME, DESCRICAO,	TIPO)
	VALUES (4, 1, UPPER('coven das bruxas'), 2, 'MAQUIAGEM ASSUSTADORA', 'FAZ MAQUIAGEM NOS PARTICIPANTES TEMATICA DE TERROR', 1);
INSERT INTO BARRACA(ID_BARRACA, NUMERO, FESTA, EDICAO, NOME, DESCRICAO,	TIPO)
	VALUES (5, 4, UPPER('Festa Junina da Catedral'), 1, 'RECARGA', 'RECARREGA CARTAO DOS PARTICIPANTES', 2);
INSERT INTO BARRACA(ID_BARRACA, NUMERO, FESTA, EDICAO, NOME, DESCRICAO,	TIPO)
	VALUES (6, 2, UPPER('coven das bruxas'), 2, 'RECARGA', 'RECARREGA CARTAO DOS PARTICIPANTES', 2);

INSERT INTO RESPONSAVEL_BARRACA(MEMBRO,	BARRACA)
	VALUES ('123.349.123-55', 1);
INSERT INTO RESPONSAVEL_BARRACA(MEMBRO,	BARRACA)
	VALUES ('123.349.123-55', 2);
INSERT INTO RESPONSAVEL_BARRACA(MEMBRO,	BARRACA)
	VALUES ('123.349.123-55', 3);
INSERT INTO RESPONSAVEL_BARRACA(MEMBRO,	BARRACA)
	VALUES ('123.349.123-55', 5);
INSERT INTO RESPONSAVEL_BARRACA(MEMBRO,	BARRACA)
	VALUES ('123.789.123-55', 4);
INSERT INTO RESPONSAVEL_BARRACA(MEMBRO,	BARRACA)
	VALUES ('123.789.123-55', 6);

INSERT INTO COMIDA(PRODUTO,	PRECO)
	VALUES (1, 5);
INSERT INTO COMIDA(PRODUTO,	PRECO)
	VALUES (2, 4);

INSERT INTO VENDA(COMIDA, BARRACA)
	VALUES (1, 1);
INSERT INTO VENDA(COMIDA, BARRACA)
	VALUES (2, 2);

INSERT INTO PRENDA(PRODUTO,	PONTUACAO)
	VALUES (3, 10);
INSERT INTO PRENDA(PRODUTO,	PONTUACAO)
	VALUES (4, 10);

INSERT INTO LAZER(PRECO, BARRACA)
	VALUES (5, 3);
INSERT INTO LAZER(PRECO, BARRACA)
	VALUES (10, 4);

INSERT INTO DISTRIBUICAO(PRENDA, BARRACA)
	VALUES (3, 3);
INSERT INTO DISTRIBUICAO(PRENDA, BARRACA)
	VALUES (4, 3);

INSERT INTO PARTICIPANTE(COD_CARTAO, SALDO,	FESTA, EDICAO)
	VALUES (1, 0, UPPER('coven das bruxas'), 2);
INSERT INTO PARTICIPANTE(COD_CARTAO, SALDO,	FESTA, EDICAO)
	VALUES (2, 3.5, UPPER('Festa Junina da Catedral'), 1);

INSERT INTO RECARGA(PARTICIPANTE, BARRACA, HORA, VALOR)
	VALUES (1, 6, TO_TIMESTAMP('20:30-31/10/2017','HH24:MI-DD/MM/YYYY'), 10);
INSERT INTO RECARGA(PARTICIPANTE, BARRACA, HORA, VALOR)
	VALUES (2, 5, TO_TIMESTAMP('20:35-02/07/2016','HH24:MI-DD/MM/YYYY'), 30);

INSERT INTO CONC_ADV(ID_CONCURSO, FESTA, EDICAO, NOME, PREMIO, ITEM)
	VALUES (1, UPPER('Festa Junina da Catedral'), 1, UPPER('ADIVINHA DA BOLINHA'), 4, UPPER('BOLINHAS DE GUDE'));
INSERT INTO CONC_ADV(ID_CONCURSO, FESTA, EDICAO, NOME, ITEM)
	VALUES (2, UPPER('Arraiau'), 1, UPPER('CHUTANDO O BALDE'), UPPER('BOLINHAS DE GUDE'));

INSERT INTO COORD_ADV(COORDENADOR, CONCURSO)
	VALUES ('123.349.123-55', 1);
INSERT INTO COORD_ADV(COORDENADOR, CONCURSO)
	VALUES ('123.349.123-55', 2);

INSERT INTO CONC_COMIDA(ID_CONCURSO, FESTA,	EDICAO,	NOME, PREMIO, COMIDA)
	VALUES (1, UPPER('Festa Junina da Catedral'), 1, UPPER('COMEDOR DE CACHORRO QUENTE'), 4, 1);
INSERT INTO CONC_COMIDA(ID_CONCURSO, FESTA,	EDICAO,	NOME, PREMIO, COMIDA)
	VALUES (2, UPPER('Festa Junina da Catedral'), 1, UPPER('VAI DAR BOLO'), 4, 1);

INSERT INTO COORD_COMIDA(COORDENADOR, CONCURSO)
	VALUES ('123.349.123-55', 1);
INSERT INTO COORD_COMIDA(COORDENADOR, CONCURSO)
	VALUES ('123.349.123-55', 2);

INSERT INTO CONC_FANTASIA(ID_CONCURSO, FESTA, EDICAO, NOME)
	VALUES (1, UPPER('coven das bruxas'), 1, UPPER('FANTASIAS DO MAL'));
INSERT INTO CONC_FANTASIA(ID_CONCURSO, FESTA, EDICAO, NOME)
	VALUES (2, UPPER('coven das bruxas'), 2, UPPER('QUEM ASSUSTA MAIS?'));

INSERT INTO COORD_FANTASIA(COORDENADOR, CONCURSO)
	VALUES ('123.789.123-55', 1);
INSERT INTO COORD_FANTASIA(COORDENADOR, CONCURSO)
	VALUES ('123.789.123-55', 2);

INSERT INTO ALUGUEL_FANTASIA(EMPRESA, FESTA, EDICAO, CONCURSO, FANTASIAS)
	VALUES ('792.834.590-23', UPPER('coven das bruxas'), 1, 1, 20);
INSERT INTO ALUGUEL_FANTASIA(EMPRESA, FESTA, EDICAO, CONCURSO, FANTASIAS)
	VALUES ('792.834.590-23', UPPER('coven das bruxas'), 2, 2, 35);